Something went wrong: 1064 (42000): You have an error in your SQL syntax; check the manual that corresponds to your MySQL server version for the right syntax to use near 'where KAISAI_NEN = 24' at line 1
福井県,158,0,0
Something went wrong: 1064 (42000): You have an error in your SQL syntax; check the manual that corresponds to your MySQL server version for the right syntax to use near 'where KAISAI_NEN = 24' at line 1
和歌山県,181,0,0
神奈川県,200,41,0
Something went wrong: 1064 (42000): You have an error in your SQL syntax; check the manual that corresponds to your MySQL server version for the right syntax to use near 'where KAISAI_NEN = 24' at line 1
愛媛県,159,0,0
熊本県,257,119,0
Something went wrong: 1064 (42000): You have an error in your SQL syntax; check the manual that corresponds to your MySQL server version for the right syntax to use near 'where KAISAI_NEN = 24' at line 1
鹿児島県,128,0,0
奈良県,126,10,0
--------------miss-------------

--------------miss-------------

--------------miss-------------

--------------miss-------------

--------------miss-------------

--------------miss-------------

--------------miss-------------

--------------miss-------------

--------------miss-------------

--------------miss-------------

--------------miss-------------

--------------miss-------------

--------------miss-------------

--------------miss-------------

--------------miss-------------

--------------miss-------------

--------------miss-------------

--------------miss-------------

--------------miss-------------

--------------miss-------------

--------------miss-------------

--------------miss-------------

--------------miss-------------

--------------miss-------------

--------------miss-------------

--------------miss-------------

--------------miss-------------

--------------miss-------------

--------------miss-------------

--------------miss-------------

--------------miss-------------

--------------miss-------------

--------------miss-------------

--------------miss-------------

--------------miss-------------

--------------miss-------------

--------------miss-------------

--------------miss-------------

--------------miss-------------

--------------miss-------------

--------------miss-------------

--------------miss-------------

--------------miss-------------

--------------miss-------------

--------------miss-------------

--------------miss-------------

--------------miss-------------

--------------miss-------------

--------------miss-------------

--------------miss-------------

--------------miss-------------

--------------miss-------------

--------------miss-------------

--------------miss-------------

--------------miss-------------

--------------miss-------------

--------------miss-------------

--------------miss-------------

--------------miss-------------

--------------miss-------------

--------------miss-------------

--------------miss-------------

--------------miss-------------

--------------miss-------------

--------------miss-------------

--------------miss-------------

--------------miss-------------

--------------miss-------------

--------------miss-------------

--------------miss-------------

--------------miss-------------

--------------miss-------------

--------------miss-------------

--------------miss-------------

--------------miss-------------

--------------miss-------------

--------------miss-------------

--------------miss-------------

--------------miss-------------

--------------miss-------------

--------------miss-------------

--------------miss-------------

--------------miss-------------

--------------miss-------------

--------------miss-------------

--------------miss-------------

--------------miss-------------

--------------miss-------------

--------------miss-------------

--------------miss-------------

--------------miss-------------

--------------miss-------------

--------------miss-------------

--------------miss-------------

--------------miss-------------

--------------miss-------------

--------------miss-------------

--------------miss-------------

--------------miss-------------

--------------miss-------------

--------------miss-------------

--------------miss-------------

--------------miss-------------

--------------miss-------------

--------------miss-------------

--------------miss-------------

--------------miss-------------

--------------miss-------------

--------------miss-------------

--------------miss-------------

--------------miss-------------

--------------miss-------------

--------------miss-------------

--------------miss-------------

--------------miss-------------

--------------miss-------------

--------------miss-------------

--------------miss-------------

--------------miss-------------

--------------miss-------------

--------------miss-------------

--------------miss-------------

--------------miss-------------

--------------miss-------------

--------------miss-------------

--------------miss-------------

--------------miss-------------

--------------miss-------------

--------------miss-------------

--------------miss-------------

--------------miss-------------

--------------miss-------------

--------------miss-------------

--------------miss-------------

--------------miss-------------

--------------miss-------------

--------------miss-------------

--------------miss-------------

--------------miss-------------

--------------miss-------------

--------------miss-------------

--------------miss-------------

--------------miss-------------

--------------miss-------------

--------------miss-------------

--------------miss-------------

--------------miss-------------

--------------miss-------------

--------------miss-------------

--------------miss-------------

--------------miss-------------

--------------miss-------------

--------------miss-------------

--------------miss-------------

--------------miss-------------

--------------miss-------------

--------------miss-------------

--------------miss-------------

--------------miss-------------

--------------miss-------------

--------------miss-------------

--------------miss-------------

--------------miss-------------

--------------miss-------------

--------------miss-------------

--------------miss-------------

--------------miss-------------

--------------miss-------------

--------------miss-------------

--------------miss-------------

--------------miss-------------

--------------miss-------------

--------------miss-------------

--------------miss-------------

--------------miss-------------

--------------miss-------------

--------------miss-------------

--------------miss-------------

--------------miss-------------

--------------miss-------------

--------------miss-------------

--------------miss-------------

--------------miss-------------

--------------miss-------------

--------------miss-------------

--------------miss-------------

--------------miss-------------

--------------miss-------------

--------------miss-------------

--------------miss-------------

--------------miss-------------

--------------miss-------------

--------------miss-------------

--------------miss-------------

--------------miss-------------

--------------miss-------------

--------------miss-------------

--------------miss-------------

--------------miss-------------

--------------miss-------------

--------------miss-------------

--------------miss-------------

--------------miss-------------

--------------miss-------------

--------------miss-------------

--------------miss-------------

--------------miss-------------

--------------miss-------------

--------------miss-------------

--------------miss-------------

--------------miss-------------

大分県,209,120,0
Something went wrong: 1064 (42000): You have an error in your SQL syntax; check the manual that corresponds to your MySQL server version for the right syntax to use near 'where KAISAI_NEN = 24' at line 1
滋賀県,207,0,0
岐阜県,165,40,0
宮崎県,151,35,0
Something went wrong: 1064 (42000): You have an error in your SQL syntax; check the manual that corresponds to your MySQL server version for the right syntax to use near 'where KAISAI_NEN = 24' at line 1
山梨県,151,0,0
Something went wrong: 1064 (42000): You have an error in your SQL syntax; check the manual that corresponds to your MySQL server version for the right syntax to use near 'where KAISAI_NEN = 24' at line 1
青森県,161,0,0
Something went wrong: 1064 (42000): You have an error in your SQL syntax; check the manual that corresponds to your MySQL server version for the right syntax to use near 'where KAISAI_NEN = 24' at line 1
群馬県　,204,0,0
徳島県,258,231,0
--------------miss-------------

平成２３年９月香川県議会定例会
--------------miss-------------

平成２３年９月香川県議会定例会
--------------miss-------------

平成２３年９月香川県議会定例会
--------------miss-------------

平成２３年９月香川県議会定例会
--------------miss-------------

平成２３年９月香川県議会定例会
--------------miss-------------

平成２３年９月香川県議会定例会
--------------miss-------------

平成２３年９月香川県議会定例会
--------------miss-------------

平成２３年９月香川県議会定例会
Something went wrong: 1064 (42000): You have an error in your SQL syntax; check the manual that corresponds to your MySQL server version for the right syntax to use near 'where KAISAI_NEN = 24' at line 1
香川県,139,0,0
Something went wrong: 1064 (42000): You have an error in your SQL syntax; check the manual that corresponds to your MySQL server version for the right syntax to use near 'where KAISAI_NEN = 24' at line 1
東京都,228,0,0
福島県,182,122,0
Something went wrong: 1064 (42000): You have an error in your SQL syntax; check the manual that corresponds to your MySQL server version for the right syntax to use near 'where KAISAI_NEN = 24' at line 1
兵庫県,206,0,0
Something went wrong: 1064 (42000): You have an error in your SQL syntax; check the manual that corresponds to your MySQL server version for the right syntax to use near 'where KAISAI_NEN = 24' at line 1
石川県,145,0,0
Something went wrong: 1064 (42000): You have an error in your SQL syntax; check the manual that corresponds to your MySQL server version for the right syntax to use near 'where KAISAI_NEN = 24' at line 1
島根県,207,0,0
Something went wrong: 1064 (42000): You have an error in your SQL syntax; check the manual that corresponds to your MySQL server version for the right syntax to use near 'where KAISAI_NEN = 24' at line 1
長野県,205,0,0
大阪府,277,40,0
新潟県,210,144,0
三重県,189,43,0
山口県,130,20,0
Something went wrong: 1064 (42000): You have an error in your SQL syntax; check the manual that corresponds to your MySQL server version for the right syntax to use near 'where KAISAI_NEN = 24' at line 1
福岡県,191,0,0
Something went wrong: 1064 (42000): You have an error in your SQL syntax; check the manual that corresponds to your MySQL server version for the right syntax to use near 'where KAISAI_NEN = 24' at line 1
北海道,236,0,0
埼玉県,1161,39,0
Something went wrong: 1064 (42000): You have an error in your SQL syntax; check the manual that corresponds to your MySQL server version for the right syntax to use near 'where KAISAI_NEN = 24' at line 1
千葉県,183,0,0
Something went wrong: 1064 (42000): You have an error in your SQL syntax; check the manual that corresponds to your MySQL server version for the right syntax to use near 'where KAISAI_NEN = 24' at line 1
秋田県,242,0,0
長崎県,160,50,0
沖縄県,148,0,0
Something went wrong: 1064 (42000): You have an error in your SQL syntax; check the manual that corresponds to your MySQL server version for the right syntax to use near 'where KAISAI_NEN = 24' at line 1
愛知県,178,0,0
Something went wrong: 1064 (42000): You have an error in your SQL syntax; check the manual that corresponds to your MySQL server version for the right syntax to use near 'where KAISAI_NEN = 24' at line 1
岩手県,257,0,0
宮城県,299,208,0
Something went wrong: 1064 (42000): You have an error in your SQL syntax; check the manual that corresponds to your MySQL server version for the right syntax to use near 'where KAISAI_NEN = 24' at line 1
広島県,129,0,0
--------------miss-------------

平成24年4月臨時県議会
Something went wrong: 1064 (42000): You have an error in your SQL syntax; check the manual that corresponds to your MySQL server version for the right syntax to use near 'where KAISAI_NEN = 24' at line 1
佐賀県,141,0,0
山形県,202,16,0
Something went wrong: 1064 (42000): You have an error in your SQL syntax; check the manual that corresponds to your MySQL server version for the right syntax to use near 'where KAISAI_NEN = 24' at line 1
京都府,190,0,0
高知県,174,26,0
--------------miss-------------

平成23年５月静岡県議会臨時会
--------------miss-------------

平成23年５月静岡県議会臨時会
--------------miss-------------

平成23年５月静岡県議会臨時会
--------------miss-------------

静岡県,156,11,0
Something went wrong: 1064 (42000): You have an error in your SQL syntax; check the manual that corresponds to your MySQL server version for the right syntax to use near 'where KAISAI_NEN = 24' at line 1
鳥取県,183,0,0
Something went wrong: 1064 (42000): You have an error in your SQL syntax; check the manual that corresponds to your MySQL server version for the right syntax to use near 'where KAISAI_NEN = 24' at line 1
富山県,210,0,0
Something went wrong: 1064 (42000): You have an error in your SQL syntax; check the manual that corresponds to your MySQL server version for the right syntax to use near 'where KAISAI_NEN = 24' at line 1
栃木県,148,0,0
